{
  "markdown": "# Job Updates 💼\n\n| Job Name | Start Date | Last Date | Brochure | Apply |\n| --- | --- | --- | --- | --- |\n| ISRO ICRB 2025 | 26-06-2025 | 16-07-2025 | [Download](https://course.margdarshanprep.com/app-blog/9-isro-recruitment-2025?page=0) | [Apply](https://www.isro.gov.in/) |\n\n[💡 \"Knowledge gets you hired.\"](https://margdarshanprep.com/Admin/admin.php)",
  "metadata": {
    "viewport": "width=device-width, initial-scale=1.0",
    "title": "MargDarshan - Job Updates",
    "favicon": "https://margdarshanprep.com/favicon.svg",
    "language": "en",
    "scrapeId": "6dcb5e56-2e00-449f-a474-127910353497",
    "sourceURL": "https://margdarshanprep.com/updates/psu-updates.php",
    "url": "https://margdarshanprep.com/updates/psu-updates.php",
    "statusCode": 200,
    "contentType": "text/html; charset=UTF-8",
    "proxyUsed": "basic",
    "creditsUsed": 1
  }
}